{
    "config": {
        "general": {
            "random_search": true,
            "render_cart": false,
            "render_ca": false,
            "phenotype": "ca"
        },
        "evolution": {
            "population_limit": 300,
            "n_generations": 40,
            "fitness_function": "angle_based",
            "reproduction_selection_criterion": "tournament",
            "survival_selection_criterion": "tournament",
            "episodes_per_individual": 1,
            "mutation_rate": 0.01,
            "survival_rate": 0.1
        },
        "ca": {
            "action_type": "index",
            "time_steps": {
                "min": 5,
                "max": 6
            },
            "width": {
                "min": 5,
                "max": 6
            },
            "kernel_size": [
                3
            ],
            "pole_angle": {
                "min": -3,
                "max": 3
            },
            "pole_velocity": {
                "min": -3,
                "max": 3
            },
            "cart_position": {
                "min": -3,
                "max": 3
            },
            "cart_velocity": {
                "min": -3,
                "max": 3
            },
            "dependent_properties": {
                "inputs": [
                    {
                        "name": "angle_index"
                    }
                ],
                "output": [
                    {
                        "name": "action_index"
                    }
                ],
                "rule_number": {
                    "min": 0
                }
            }
        },
        "nn": {
            "hidden_layers": {
                "min": 0,
                "max": 3
            },
            "nodes": {
                "min": 1,
                "max": 5
            },
            "step_size": 0.1
        },
        "stats": {}
    },
    "generations": [
        {
            "generation": 1,
            "time_steps_survived": 218.0,
            "best_individual": {
                "time_steps": 5,
                "width": 5,
                "kernel_size": 3,
                "action_index": 4,
                "rule_number": 204,
                "pole_angle": [
                    {
                        "value": 0.02,
                        "index": 1
                    }
                ],
                "pole_velocity": [
                    {
                        "value": -0.01,
                        "index": 4
                    }
                ],
                "cart_position": [
                    {
                        "value": -0.02,
                        "index": 2
                    }
                ],
                "cart_velocity": [
                    {
                        "value": 0.0,
                        "index": 0
                    }
                ]
            }
        },
        {
            "generation": 1,
            "time_steps_survived": 218.0,
            "best_individual": {
                "time_steps": 5,
                "width": 5,
                "kernel_size": 3,
                "action_index": 4,
                "rule_number": 204,
                "pole_angle": [
                    {
                        "value": 0.02,
                        "index": 1
                    }
                ],
                "pole_velocity": [
                    {
                        "value": -0.01,
                        "index": 4
                    }
                ],
                "cart_position": [
                    {
                        "value": -0.02,
                        "index": 2
                    }
                ],
                "cart_velocity": [
                    {
                        "value": 0.0,
                        "index": 0
                    }
                ]
            }
        },
        {
            "generation": 1,
            "time_steps_survived": 218.0,
            "best_individual": {
                "time_steps": 5,
                "width": 5,
                "kernel_size": 3,
                "action_index": 4,
                "rule_number": 204,
                "pole_angle": [
                    {
                        "value": 0.02,
                        "index": 1
                    }
                ],
                "pole_velocity": [
                    {
                        "value": -0.01,
                        "index": 4
                    }
                ],
                "cart_position": [
                    {
                        "value": -0.02,
                        "index": 2
                    }
                ],
                "cart_velocity": [
                    {
                        "value": 0.0,
                        "index": 0
                    }
                ]
            }
        },
        {
            "generation": 1,
            "time_steps_survived": 218.0,
            "best_individual": {
                "time_steps": 5,
                "width": 5,
                "kernel_size": 3,
                "action_index": 4,
                "rule_number": 204,
                "pole_angle": [
                    {
                        "value": 0.02,
                        "index": 1
                    }
                ],
                "pole_velocity": [
                    {
                        "value": -0.01,
                        "index": 4
                    }
                ],
                "cart_position": [
                    {
                        "value": -0.02,
                        "index": 2
                    }
                ],
                "cart_velocity": [
                    {
                        "value": 0.0,
                        "index": 0
                    }
                ]
            }
        }
    ],
    "individual_scores": [
        {
            "individuals": [
                19.334252497133214,
                19.027107116434998,
                19.43775457696328
            ]
        },
        {
            "individuals": [
                19.16835427677185
            ]
        },
        {
            "individuals": [
                21.71311996326651
            ]
        },
        {
            "individuals": [
                440.71544589247753
            ]
        }
    ]
}